2007,37.03444,6.53111,0,
2007,36.73046,3.49482,0,
2007,36.83763,6.64018,0,
2007,36.7667,3.4772,0,
2007,36.7667,3.4772,0,
2007,35.92,6.7,0,
2007,36.86318,3.88035,0,
2007,36.88856,4.11984,0,
2007,36.37972,2.39889,0,
2007,36.77266,5.95729,0,
2007,36.57489,3.7092,0,
2007,36.57489,3.7092,0,
2007,36.57489,3.7092,0,
2007,36.56471,4.30619,0,
2007,36.68178,4.26378,0,
2007,36.535,3.8336,0,
2007,36.79361,4.31158,0,
2007,36.87776,3.7205,0,
2007,36.817,4.3,0,
2007,36.72365,3.02729,0,
2007,36.73046,3.49482,0,
2007,36.62594,3.80019,0,
2007,36.70655,3.87489,0,
2007,36.72544,3.55665,0,
2007,36.72544,3.55665,0,
2007,36.72189,3.91345,0,
2007,36.66667,4.41667,0,
2007,36.70655,3.87489,0,
2007,36.71183,4.04591,0,
2007,36.6885,6.6575,0,
2007,36.2675,2.75,0,
2007,36.81694,3.85722,0,
2007,36.79361,4.31158,0,
2007,35.40417,8.12417,0,
2007,36.63709,3.69474,0,
2007,36.70655,3.87489,0,
2007,36.63333,4.91667,0,
2007,36.63333,4.91667,0,
2007,36.63333,4.91667,0,
2007,36.88216,4.66197,0,
2007,36.63333,4.91667,0,
2007,36.5333,3.65,0,
2007,36.7667,3.4772,0,
2007,35.6911,-0.6417,0,
2007,36.63333,4.91667,0,
2007,36.63333,4.91667,0,
2007,34.94967,6.00387,0,
2007,34.94967,6.00387,0,
2007,36.766,3.05,0,
2007,36.766,3.05,0,
2007,36.766,3.05,0,
2007,36.72328,3.61807,0,
2007,36.7187,6.33613,0,
2007,36.817,4.3,0,
2007,36.81694,3.85722,0,
2007,36.88799,6.78544,0,
2007,36.68878,6.57201,0,
2007,36.73046,3.49482,0,
2007,35.40417,8.12417,0,
2007,36.54829,3.89416,0,
2007,36.71183,4.04591,0,
2007,36.71183,4.04591,0,
2007,36.88246,7.63919,0,
2007,36.78528,3.60361,0,
2007,36.70655,3.87489,0,
2007,34.69279,-0.20213,0,
2007,36.766,3.05,0,
2007,36.60146,3.85042,0,
2007,36.62041,3.22248,0,
2007,36.62041,3.22248,0,
2007,36.63633,3.26654,0,
2007,34.69279,-0.20213,0,
2007,35.5553,6.1786,0,
2007,36.63633,3.26654,0,
2007,36.63633,3.26654,0,
2007,36.66774,3.59115,0,
2007,36.66774,3.59115,0,
2007,36.63633,3.26654,0,
2007,36.58113,4.33025,0,
2007,36.51709,3.21178,0,
2007,36.51709,3.21178,0,
2007,36.5489,3.8939,0,
2007,36.73054,4.43646,0,
2007,36.73054,4.43646,0,
2007,36.73054,4.43646,0,
2007,36.73054,4.43646,0,
2007,36.58333,4,0,
2007,34.8783,-1.315,0,
2007,36.47454,4.23586,0,
2007,36.98333,7.55,0,
2007,36.04981,1.58959,0,
2007,36.36683,1.21653,0,
2007,36.71183,4.04591,0,
2007,36.71183,4.04591,0,
2007,36.817,4.3,0,
2007,36.71183,4.04591,0,
2007,36.817,4.3,0,
2007,36.73829,3.28079,0,
2007,36.766,3.05,0,
2007,36.72265,3.66718,0,
2007,20.41629,3.38654,0,
2007,36.38,3.9014,0,
2007,36.74328,3.7173,0,
2007,36.766,3.05,0,
2007,35.5553,6.1786,0,
2007,36.7458,3.03916,0,
2007,35.66528,6.64806,0,
2007,36.78528,3.60361,0,
2007,36.5602,3.5896,0,
2007,36.365,6.6147,0,
2007,36.69061,3.58912,0,
2007,36.54222,3.95306,0,
2007,36.87776,3.7205,0,
2007,36.88856,4.11984,0,
2007,36.72544,3.55665,0,
2007,36.78528,3.60361,0,
2007,36.817,4.3,0,
2007,36.54222,3.95306,0,
2007,36.71183,4.04591,0,
2007,36.8,5.7667,0,
2007,36.72328,3.61807,0,
2007,36.72328,3.61807,0,
2007,36.74625,3.83163,0,
2007,24.55274,9.48582,0,
2007,24.55274,9.48582,0,
2007,34.85038,5.72805,0,
2007,36.58333,4,0,
2007,36.73054,4.43646,0,
2007,35.82331,2.45154,0,
2007,34.85038,5.72805,0,
2007,35.43583,7.14333,0,
2007,36.38,3.9014,0,
2007,36.86384,4.06542,0,
2007,35.40417,8.12417,0,
2007,-5.55,12.2,0,
2007,-8.8383,13.2344,0,
2007,-8.1833,15.3667,0,
2007,-15.1961,12.1522,0,
2007,6.35,2.4333,0,
2007,-24.69451,25.90859,0,
2007,-24.69451,25.90859,0,
2007,12.3703,-1.5247,0,
2007,-3.6272,29.3472,0,
2007,-3.1875,29.2933,0,
2007,-3.3772,29.358,0,
2007,-4.0472,29.5256,0,
2007,-3.3333,29.3333,0,
2007,-3.0675,29.5028,0,
2007,-3.3772,29.358,0,
2007,-3.3772,29.358,0,
2007,-2.93,29.5769,0,
2007,-3.5886,29.9161,0,
2007,-3.4944,29.3528,0,
2007,-3.9725,29.4391,0,
2007,-3.3797,29.365,0,
2007,-3.3772,29.358,0,
2007,-3.0725,29.4492,0,
2007,-3.4744,30.2542,0,
2007,11.3333,14.6667,0,
2007,11.3333,14.6667,0,
2007,11.3333,14.6667,0,
2007,11.3333,14.6667,0,
2007,11.3333,14.6667,0,
2007,5.9333,10.1667,0,
2007,6.5,13.5,0,
2007,6.75,14.9667,0,
2007,6.75,14.9666,0,
2007,4.6921,9.2097,0,
2007,4.5663,8.5948,0,
2007,7.341,16.628,0,
2007,7.65,18.617,0,
2007,7.65,18.617,0,
2007,7.25,16.4333,0,
2007,7.25,16.433,0,
2007,7.127,15.704,0,
2007,7.25,16.4333,0,
2007,9.2,20.5,0,
2007,8.0166,21.85,0,
2007,6.3167,16.3833,0,
2007,7.383,18.7,0,
2007,4.3667,18.5833,0,
2007,4.3667,18.5833,0,
2007,7.3166,15.6166,0,
2007,4.3667,18.5833,0,
2007,4.3667,18.5833,0,
2007,4.3667,18.5833,0,
2007,5.4,27.2,0,
2007,10.28,22.78,0,
2007,10.28,22.78,0,
2007,4.3667,18.5833,0,
2007,10.28,22.78,0,
2007,10.28,22.78,0,
2007,10.28,22.78,0,
2007,5.733,19.083,0,
2007,10.28,22.78,0,
2007,10.28,22.78,0,
2007,10.28,22.78,0,
2007,7.41,15.501,0,
2007,7.48,15.541,0,
2007,7,16,0,
2007,7.406,15.794,0,
2007,7.43,15.522,0,
2007,7.372,15.487,0,
2007,7,16,0,
2007,7,16,0,
2007,7.4666,15.55,0,
2007,7.3833,15.6833,0,
2007,7.4833,15.9666,0,
2007,7.372,15.487,0,
2007,5.6666,19.0833,0,
2007,7.25,16.433,0,
2007,10.28,22.78,0,
2007,7.317,15.617,0,
2007,7.3166,15.6166,0,
2007,7.3166,15.6166,0,
2007,7.455,15.704,0,
2007,7.317,15.617,0,
2007,6.3167,16.3833,0,
2007,6.3167,16.3833,0,
2007,6.433,16.183,0,
2007,9.25,22.7,0,
2007,7.25,16.433,0,
2007,10.28,22.78,0,
2007,10.28,22.78,0,
2007,7.4,18.3833,0,
2007,7.3167,15.6167,0,
2007,6.9833,19.1833,0,
2007,7.3167,15.6167,0,
2007,6.9833,19.1833,0,
2007,5,18.1,0,
2007,6.983,17.083,0,
2007,6.9833,19.1833,0,
2007,6.9833,19.1833,0,
2007,6.9833,19.1833,0,
2007,7.25,16.4333,0,
2007,10.46667,23.28333,0,
2007,6.4833,17.45,0,
2007,7.0833,19.25,0,
2007,7.25,16.4333,0,
2007,7.25,16.4333,0,
2007,14.47,21.92,0,
2007,19.07,20.48,0,
2007,19.667,19.467,0,
2007,19.667,19.467,0,
2007,19.667,19.467,0,
2007,12.667,21.9,0,
2007,12.6666,21.9,0,
2007,12.1085,15.0482,0,
2007,15.53333,22.91667,0,
2007,11.033,20.283,0,
2007,11.5166,21.9666,0,
2007,17.1847,21.5902,0,
2007,12.867,21.167,0,
2007,12.867,21.167,0,
2007,12.867,21.167,0,
2007,17.8833,23.0333,0,
2007,10.92,15.37,0,
2007,15.0166,22.7833,0,
2007,15.55,22.91,0,
2007,17.8833,23.0333,0,
2007,15.0166,22.7833,0,
2007,12.867,21.167,0,
2007,11.35,22.65,0,
2007,20.95,18.9167,0,
2007,15.5167,15.3167,0,
2007,12,21.6833,0,
2007,20.95,18.9167,0,
2007,15.5167,15.3167,0,
2007,11.35,22.65,0,
2007,12.7833,14.8333,0,
2007,13.829,20.832,0,
2007,12.1085,15.0482,0,
2007,12.1085,15.0482,0,
2007,15.1166,22.25,0,
2007,12.767,20.483,0,
2007,12.1085,15.0482,0,
2007,21.2333,17.3333,0,
2007,18,19,0,
2007,12.867,21.167,0,
2007,21.5,17.5,0,
2007,12.2167,21.4167,0,
2007,12.6666,21.9,0,
2007,12.0167,21.6833,0,
2007,11.42,15.3,0,
2007,12.0166,21.6833,0,
2007,13.45,21.6667,0,
2007,13.45,21.6667,0,
2007,12.0166,21.6833,0,
2007,12.0166,21.6833,0,
2007,13.6166,21.6333,0,
2007,13.829,20.832,0,
2007,13.5833,21.8166,0,
2007,13.45,21.6667,0,
2007,14.217,21.383,0,
2007,12.1085,15.0482,0,
2007,12.867,21.167,0,
2007,12.867,21.167,0,
2007,15.8333,20.9,0,
2007,15.8333,20.9,0,
2007,15.8,20.767,0,
2007,15.117,22.25,0,
2007,15.1166,21.75,0,
2007,15.1166,21.75,0,
2007,14.5333,20.9166,0,
2007,13.8166,20.8166,0,
2007,15.1166,21.75,0,
2007,13.8166,20.8166,0,
2007,11.2833,22.8166,0,
2007,12.1085,15.0482,0,
2007,12.1085,15.0482,0,
2007,13.62,21.63,0,
2007,12.1085,15.0482,0,
2007,-1,29.25,0,
2007,0.15,29.2833,0,
2007,-1.3438,29.3594,0,
2007,-2.47,28.82,0,
2007,-3.8166,29.0833,0,
2007,2,30.5667,0,
2007,2.2833,30.75,0,
2007,1.57,30.25,0,
2007,-1.05,28.9,0,
2007,-1.05,28.9,0,
2007,-1.05,28.9,0,
2007,2.2833,30.75,0,
2007,4.16667,29.5,0,
2007,1.57,30.25,0,
2007,-1.4,28.8167,0,
2007,-1.6792,29.2228,0,
2007,-1.6792,29.2228,0,
2007,1.85,29.9667,0,
2007,-2.47,28.82,0,
2007,-1.1841,29.4488,0,
2007,-1.1841,29.4488,0,
2007,-1.1841,29.4488,0,
2007,-1.1841,29.4488,0,
2007,0.5,29.4667,0,
2007,-3.1333,27.0167,0,
2007,1.85,29.9667,0,
2007,1.57,30.25,0,
2007,-4.3,15.3,0,
2007,-4.3,15.3,0,
2007,-4.3,15.3,0,
2007,-4.3,15.3,0,
2007,-12.5166,29.3,0,
2007,4.16667,29.5,0,
2007,3.8667,30.1333,0,
2007,-3.4,29.13333,0,
2007,2.1667,30.65,0,
2007,2.86218,30.84138,0,
2007,-3.4,29.13333,0,
2007,-2.6283,28.6658,0,
2007,0.07,18.27,0,
2007,-4.4666,28.4833,0,
2007,-2.6283,28.6658,0,
2007,-12.5166,29.3,0,
2007,-12.5166,29.3,0,
2007,-1.6792,29.2228,0,
2007,-12.5166,29.3,0,
2007,-12.5166,29.3,0,
2007,-12.5166,29.3,0,
2007,-12.5166,29.3,0,
2007,-0.7111,29.1731,0,
2007,-0.7111,29.1731,0,
2007,-12.5166,29.3,0,
2007,-12.5166,29.3,0,
2007,-1.6792,29.2228,0,
2007,-1.1841,29.4488,0,
2007,-12.5166,29.3,0,
2007,-1.6792,29.2228,0,
2007,-2.5,28.8667,0,
2007,-1.1841,29.4488,0,
2007,-12.5166,29.3,0,
2007,-1.6792,29.2228,0,
2007,-1.1841,29.4488,0,
2007,-12.5166,29.3,0,
2007,-1.6792,29.2228,0,
2007,-1.1841,29.4488,0,
2007,-1.25,28.75,0,
2007,-12.5166,29.3,0,
2007,-1.1841,29.4488,0,
2007,-3.4,29.13333,0,
2007,-12.5166,29.3,0,
2007,-1.6792,29.2228,0,
2007,-1.6792,29.2228,0,
2007,-12.5166,29.3,0,
2007,-1.6792,29.2228,0,
2007,-12.5166,29.3,0,
2007,-1.6792,29.2228,0,
2007,-12.5166,29.3,0,
2007,-1.6792,29.2228,0,
2007,-1.6792,29.2228,0,
2007,-1.2666,29.3833,0,
2007,-1.1841,29.4488,0,
2007,2.86218,30.84138,0,
2007,2.65,27.9833,0,
2007,-0.4,29.05,0,
2007,-1.1841,29.4488,0,
2007,-1.1841,29.4488,0,
2007,-1.4,28.8167,0,
2007,-0.16667,29.23333,0,
2007,-1.6792,29.2228,0,
2007,-2.5,28.8667,0,
2007,-2.1,28.9167,0,
2007,0.5,29.4667,0,
2007,-2.5,28.8667,0,
2007,-2.47,28.82,0,
2007,-3.4,29.13333,0,
2007,-2.5,28.8667,0,
2007,-3.4,29.13333,0,
2007,-3.4,29.13333,0,
2007,-6.5,25.7667,0,
2007,-1.1841,29.4488,0,
2007,-1.1841,29.4488,0,
2007,-2.6283,28.6658,0,
2007,-2.5,28.8667,0,
2007,-7.05,29.7833,0,
2007,-0.40744,29.07813,0,
2007,-4.3011,28.9441,0,
2007,-1.1841,29.4488,0,
2007,-1.6792,29.2228,0,
2007,-1.3166,29.6,0,
2007,-1.1841,29.4488,0,
2007,2.2833,30.75,0,
2007,2.2833,30.75,0,
2007,-1.6391,29.078,0,
2007,-1.4,28.8167,0,
2007,-1.1841,29.4488,0,
2007,-0.75,29.6167,0,
2007,-1.4166,28.05,0,
2007,-1.1841,29.4488,0,
2007,-1.5736,29.045,0,
2007,-1.3438,29.3594,0,
2007,-1.5736,29.045,0,
2007,-2.5,28.8667,0,
2007,-1.5736,29.045,0,
2007,-1.5736,29.045,0,
2007,-1.7877,28.8936,0,
2007,-1.5736,29.045,0,
2007,-1.1841,29.4488,0,
2007,-1.4,28.8167,0,
2007,-1.4,28.8167,0,
2007,-0.9833,28.6667,0,
2007,-1.6792,29.2228,0,
2007,-1.6391,29.078,0,
2007,-4.3011,28.9441,0,
2007,-1.4,28.8167,0,
2007,-1.1841,29.4488,0,
2007,-1.4,28.8167,0,
2007,-4.3011,28.9441,0,
2007,-1.5736,29.045,0,
2007,-1.5736,29.045,0,
2007,-2.5,28.8667,0,
2007,-1.4,28.8167,0,
2007,-1.1841,29.4488,0,
2007,-2.5,28.8667,0,
2007,-1.4,28.8167,0,
2007,-1.6519,28.8769,0,
2007,1.57,30.25,0,
2007,-2.5,28.8667,0,
2007,-7.05,29.7833,0,
2007,-1.5827,28.9861,0,
2007,-0.36751,29.57297,0,
2007,-1.1841,29.4488,0,
2007,-1.1841,29.4488,0,
2007,-1.67972,28.69972,0,
2007,-1.4,28.8167,0,
2007,-1.4,28.8167,0,
2007,-1.1841,29.4488,0,
2007,-1.4,28.8167,0,
2007,-1.3166,29.6,0,
2007,-1.1841,29.4488,0,
2007,-2.47,28.82,0,
2007,-1.413,29.373,0,
2007,-1.413,29.373,0,
2007,-1.1166,29.0333,0,
2007,-1.5736,29.045,0,
2007,-1.3211,29.3727,0,
2007,-1.1166,29.0333,0,
2007,-1.4,28.8167,0,
2007,-1.413,29.373,0,
2007,1.4333,30.0333,0,
2007,-2.47,28.82,0,
2007,-1.413,29.373,0,
2007,-2.47,28.82,0,
2007,0.15,29.2833,0,
2007,-1.4,28.8167,0,
2007,-1.4,28.8167,0,
2007,-1.1841,29.4488,0,
2007,-8.4333,28.6333,0,
2007,-1.5827,28.9861,0,
2007,-1.4,28.8167,0,
2007,-1.6792,29.2228,0,
2007,-1.1841,29.4488,0,
2007,-1.1841,29.4488,0,
2007,-1.413,29.373,0,
2007,-2.1,28.9167,0,
2007,-1.2666,29.3833,0,
2007,-0.9833,29.0667,0,
2007,-1.2666,29.3833,0,
2007,-0.9833,29.0667,0,
2007,-1.4,28.8167,0,
2007,-1.1333,28.85,0,
2007,-1.5736,29.045,0,
2007,-2.5,28.8667,0,
2007,-1.5666,29.05,0,
2007,-1.4,28.8167,0,
2007,-1.4,28.8167,0,
2007,-1.4833,29.0667,0,
2007,-1.4,28.8167,0,
2007,-1.5827,28.9861,0,
2007,-1.4,28.8167,0,
2007,-1.7075,29.018,0,
2007,4.2333,28.75,0,
2007,-1.3211,29.3727,0,
2007,4.2333,28.75,0,
2007,-2.5,28.8667,0,
2007,-0.16667,29.23333,0,
2007,-0.7111,29.1731,0,
2007,-0.40744,29.07813,0,
2007,-0.6,29.3,0,
2007,-1.1841,29.4488,0,
2007,-0.16667,29.23333,0,
2007,-0.16667,29.23333,0,
2007,-1.0905,29.2925,0,
2007,-1.1841,29.4488,0,
2007,3.75,29.516,0,
2007,11.595,43.14806,0,
2007,11.595,43.14806,0,
2007,30.05,31.25,0,
2007,30.05,31.25,0,
2007,30.05,31.25,0,
2007,30.5,31,0,
2007,30.05,31.25,0,
2007,26.1081,32.7914,0,
2007,30.9833,30.2,0,
2007,30.05,31.25,0,
2007,30.05,31.25,0,
2007,30.5,31,0,
2007,29.5833,31.2333,0,
2007,30.05,31.25,0,
2007,30.5667,32.2167,0,
2007,26.1081,32.7914,0,
2007,29.0639,31.0333,0,
2007,30.5667,32.2167,0,
2007,31.1114,30.9364,0,
2007,30.9167,31.5,0,
2007,31.1114,30.9364,0,
2007,30.05,31.25,0,
2007,30.05,31.25,0,
2007,30.05,31.25,0,
2007,29.9833,32.55,0,
2007,31.35,27.2333,0,
2007,30.05,31.25,0,
2007,31.5544,31.0903,0,
2007,30.05,31.25,0,
2007,31.1981,29.9192,0,
2007,30.05,31.25,0,
2007,30.7297,31.7972,0,
2007,31.0431,31.3767,0,
2007,30.05,31.25,0,
2007,30.9167,31.5,0,
2007,29.3667,31,0,
2007,30.01692,31.37704,0,
2007,30.9167,31.5,0,
2007,1.86391,9.76582,0,
2007,1.86391,9.76582,0,
2007,15.3333,38.9333,0,
2007,15.3333,38.9333,0,
2007,9.35,42.8,0,
2007,4.75,38.81667,0,
2007,4.8167,36.95,0,
2007,8.22056,43.55722,0,
2007,6.97444,45.34083,0,
2007,8,44,0,
2007,8,44,0,
2007,8,44,0,
2007,8,44,0,
2007,8,44,0,
2007,8,44,0,
2007,8,44,0,
2007,8,44,0,
2007,8,44,0,
2007,9.03333,38.7,0,
2007,4.4833,41.0333,0,
2007,8,44,0,
2007,9.03333,38.7,0,
2007,13.4531,-16.5775,0,
2007,8.2167,-0.6333,0,
2007,8.2167,-0.6333,0,
2007,8.2167,-0.6333,0,
2007,9.5091,-13.7122,0,
2007,9.5091,-13.7122,0,
2007,9.5091,-13.7122,0,
2007,11.3166,-12.2833,0,
2007,9.5091,-13.7122,0,
2007,9.18,-10.1,0,
2007,7.7472,-8.8238,0,
2007,11.3166,-12.2833,0,
2007,9.5091,-13.7122,0,
2007,10.9,-13.0333,0,
2007,11.0833,-12.4,0,
2007,10.38,-9.3,0,
2007,11.3166,-12.2833,0,
2007,10.75,-11.1166,0,
2007,9.5833,-13.65,0,
2007,9.5091,-13.7122,0,
2007,10.38,-9.3,0,
2007,10.38,-9.3,0,
2007,9.5091,-13.7122,0,
2007,10.03,-10.73,0,
2007,10.38,-9.3,0,
2007,10.07,-12.85,0,
2007,11.3166,-12.2833,0,
2007,8.55,-9.47,0,
2007,7.7472,-8.8238,0,
2007,9.5091,-13.7122,0,
2007,9.5091,-13.7122,0,
2007,10.03,-10.73,0,
2007,9.1833,-10.1,0,
2007,10.3833,-12.0833,0,
2007,8.75,-10.3,0,
2007,8.55,-9.47,0,
2007,11.84,-15.29767,0,
2007,35.29369,-2.93833,0,
2007,7.68333,-5.0167,0,
2007,7.68333,-5.0167,0,
2007,7.68333,-5.0167,0,
2007,-1.3166,36.7833,0,
2007,0,40.25,0,
2007,-1.3,36.78333,0,
2007,-1.3,36.78333,0,
2007,-1.3,36.81667,0,
2007,-1.3,36.81667,0,
2007,-1.5,39.5,0,
2007,1.748,40.05,0,
2007,-1.3,36.81667,0,
2007,-1.3,36.81667,0,
2007,-1.23,36.8924,0,
2007,-1.3,36.81667,0,
2007,-1.3,36.81667,0,
2007,-1.3,36.81667,0,
2007,-1.3,36.81667,0,
2007,-1.3,36.81667,0,
2007,0.55606,34.61442,0,
2007,0.55606,34.61442,0,
2007,0.55606,34.61442,0,
2007,-1.3,36.81667,0,
2007,-1.3,36.81667,0,
2007,-0.3666,35.2833,0,
2007,-0.3666,35.2833,0,
2007,0.6167,34.7667,0,
2007,-0.2833,36.0667,0,
2007,-0.2833,36.0667,0,
2007,-1.1666,36.8333,0,
2007,-4.05,39.66667,0,
2007,-4.05,39.66667,0,
2007,-0.3666,36.8333,0,
2007,-0.3666,36.8333,0,
2007,-1.16667,36.83333,0,
2007,1.1333,34.7,0,
2007,-3.5,38.3,0,
2007,-1.16667,36.83333,0,
2007,0.83333,35,0,
2007,0.05,37.65,0,
2007,-3.0333,40.0666,0,
2007,0.1166,35.1833,0,
2007,-4.05,39.66667,0,
2007,0.05,37.65,0,
2007,-3.81667,39.8,0,
2007,-3.81667,39.8,0,
2007,-0.4166,36.95,0,
2007,-0.4166,36.95,0,
2007,0.41667,36.75,0,
2007,0.41667,36.75,0,
2007,1.1,36.7,0,
2007,-3.46667,38.28333,0,
2007,-1.3,36.81667,0,
2007,-1.3,36.81667,0,
2007,-1.28333,36.81667,0,
2007,-1.28333,36.81667,0,
2007,-1.28333,36.81667,0,
2007,-1.28333,36.81667,0,
2007,-1.28333,36.81667,0,
2007,-0.9,37,0,
2007,-1.3,36.81667,0,
2007,-1.16667,34.45,0,
2007,-1.16667,34.45,0,
2007,2.2333,35.0166,0,
2007,2.2333,35.0166,0,
2007,2.2333,35.0166,0,
2007,2.2333,35.0166,0,
2007,1.41667,35.25,0,
2007,1.4833,35.0166,0,
2007,3.55,40.2666,0,
2007,-1.28333,36.81667,0,
2007,-1.3,36.81667,0,
2007,-1.2833,36.8166,0,
2007,0.2813,34.1175,0,
2007,-1.2833,36.8166,0,
2007,-1.2833,36.7833,0,
2007,1.75,40.06,0,
2007,3.55,40.2666,0,
2007,3.55,40.2666,0,
2007,-1.3,36.81667,0,
2007,0.05,37.65,0,
2007,-1.3,36.81667,0,
2007,-0.75,34.83333,0,
2007,-1.3,36.81667,0,
2007,-0.68333,34.76667,0,
2007,0.51667,35.28333,0,
2007,-0.3666,35.2833,0,
2007,-0.5833,35.1833,0,
2007,-0.5,35.25,0,
2007,-0.7833,35.35,0,
2007,-1.3,36.91667,0,
2007,-1.3,36.81667,0,
2007,-1.3,36.9166,0,
2007,-0.3333,37.65,0,
2007,-1.25,36.9,0,
2007,1.75,40.06,0,
2007,-1.3166,36.7833,0,
2007,-0.68333,34.76667,0,
2007,-0.2833,36.0667,0,
2007,-0.55,38.05,0,
2007,-0.66667,34.7,0,
2007,0.16667,34.26667,0,
2007,0.33511,34.4864,0,
2007,0.305,34.1994,0,
2007,-0.85,36.6833,0,
2007,-1.3,36.81667,0,
2007,-1.2667,36.8,0,
2007,-0.5,34.5,0,
2007,-3.0333,40.0666,0,
2007,0.2167,35.2333,0,
2007,0.6333,36.2667,0,
2007,0.5,36,0,
2007,0.9833,35.57,0,
2007,0.6333,34.3333,0,
2007,3.93687,41.85516,0,
2007,0.82601,34.5926,0,
2007,0.5167,35.2833,0,
2007,-2.75,37.3833,0,
2007,-0.25,35.7333,0,
2007,-0.1833,35.7333,0,
2007,-0.1833,35.7333,0,
2007,0.38333,35.53333,0,
2007,-0.1833,35.7333,0,
2007,-0.1833,35.7333,0,
2007,0.40167,40.95167,0,
2007,-0.1833,35.7333,0,
2007,0.66667,35.5,0,
2007,-0.1833,35.7333,0,
2007,-0.2833,36.0666,0,
2007,-0.63333,34.83333,0,
2007,-0.9,34.7833,0,
2007,-1.0833,37.05,0,
2007,-0.7333,34.3667,0,
2007,0.6333,34.5667,0,
2007,-0.28333,36.06667,0,
2007,-0.2833,36.0667,0,
2007,0.1167,34,0,
2007,0.5666,34.5666,0,
2007,0.5666,34.5666,0,
2007,0.2833,34.75,0,
2007,-1.3,36.8166,0,
2007,-0.7166,35.0333,0,
2007,0.75,34.58333,0,
2007,0.35,37.58333,0,
2007,0.8594,34.4638,0,
2007,-0.45,37.1167,0,
2007,-0.43333,35.58333,0,
2007,-1.51667,37.26667,0,
2007,0.41667,36.75,0,
2007,-0.4666,37.1333,0,
2007,-1.3,36.81667,0,
2007,-1.2833,36.8166,0,
2007,-1.3,36.81667,0,
2007,0.06667,33.95,0,
2007,0.06667,33.95,0,
2007,-4.05,39.66667,0,
2007,0.01667,37.06667,0,
2007,-0.7166,36.4333,0,
2007,-3.1,39.78333,0,
2007,-0.75,37.48333,0,
2007,0.6333,36.2667,0,
2007,-0.2833,36.0667,0,
2007,0.5,36,0,
2007,-0.16667,37.3,0,
2007,-0.32,35.9245,0,
2007,-0.16667,37.3,0,
2007,-0.5,34.5,0,
2007,-1.2667,36.8,0,
2007,0.5666,34.5666,0,
2007,-0.2833,36.0667,0,
2007,-1.3166,36.7833,0,
2007,0.51667,35.28333,0,
2007,0.2386,34.2694,0,
2007,0.16667,34.26667,0,
2007,-0.3666,35.2833,0,
2007,0.6333,34.3333,0,
2007,0.75,34.58333,0,
2007,0.2,37.7833,0,
2007,-0.7666,34.6,0,
2007,-0.2833,36.0666,0,
2007,1.4833,35.4667,0,
2007,-0.2833,36.0666,0,
2007,-1.3166,36.7833,0,
2007,-0.1,34.75,0,
2007,0.51667,35.28333,0,
2007,-0.4666,35.6833,0,
2007,-0.2833,36.0667,0,
2007,-0.6833,35.95,0,
2007,-0.1833,35.7333,0,
2007,-1.3166,36.7833,0,
2007,-0.5666,36.95,0,
2007,-1.3166,36.7833,0,
2007,-1.3,36.81667,0,
2007,-1.16694,36.82194,0,
2007,-3.63333,39.85,0,
2007,-4.05,39.66667,0,
2007,-3.4,37.68,0,
2007,-3.4,38.3667,0,
2007,-1.3166,36.7833,0,
2007,-1.28333,36.81667,0,
2007,-1.85,36.78333,0,
2007,-1.08,35.87,0,
2007,-1.1166,36.6333,0,
2007,-1.3,36.81667,0,
2007,-0.68333,34.76667,0,
2007,-0.1,34.75,0,
2007,1.23333,35.11667,0,
2007,1.01667,35,0,
2007,-0.2833,36.0667,0,
2007,0.85,35.1333,0,
2007,-1.28333,36.81667,0,
2007,-1.28333,36.81667,0,
2007,-1.3,36.81667,0,
2007,-4.05,39.66667,0,
2007,-0.9,34.5333,0,
2007,-0.51667,34.45,0,
2007,-0.7666,34.6,0,
2007,-0.2833,36.0667,0,
2007,-1.25,36.9,0,
2007,-1.28333,36.73333,0,
2007,-1.3166,36.7833,0,
2007,-1.28333,36.81667,0,
2007,-1.3,36.81667,0,
2007,-1.3,36.81667,0,
2007,-4.05,39.66667,0,
2007,-0.3666,35.2833,0,
2007,-0.1,34.75,0,
2007,0.5666,34.5666,0,
2007,0.4667,34.1,0,
2007,-1.1833,37.1167,0,
2007,-4.05,39.66667,0,
2007,-4.05,39.66667,0,
2007,-1.3,36.7666,0,
2007,-1.3,36.81667,0,
2007,-0.1833,34.9166,0,
2007,-0.51667,34.45,0,
2007,-0.1,34.75,0,
2007,-1.06667,34.36667,0,
2007,0.51667,35.28333,0,
2007,-0.3666,35.2833,0,
2007,1.01667,35,0,
2007,-0.2833,36.0667,0,
2007,-0.1833,35.7333,0,
2007,-0.7166,36.4333,0,
2007,-0.2833,36.0667,0,
2007,0.4667,34.1,0,
2007,0.28333,34.75,0,
2007,0.0833,34,0,
2007,-1.3,36.81667,0,
2007,-29.31667,27.48333,0,
2007,-29.31667,27.48333,0,
2007,6.31,-10.8,0,
2007,6.25,-10.28,0,
2007,6.31,-10.8,0,
2007,6.31,-10.8,0,
2007,6.31,-10.8,0,
2007,6.31,-10.8,0,
2007,6.31,-10.8,0,
2007,5.8808,-10.0466,0,
2007,32.7571,12.72764,0,
2007,-18.9386,47.5167,0,
2007,-18.1667,49.3833,0,
2007,-18.1667,49.3833,0,
2007,-18.1667,49.3833,0,
2007,-18.1667,49.3833,0,
2007,-18.1667,49.3833,0,
2007,-18.1667,49.3833,0,
2007,-18.1667,49.3833,0,
2007,-23.35,43.6667,0,
2007,-12.2667,49.2833,0,
2007,-21.4333,47.0833,0,
2007,-11.0167,33.8667,0,
2007,-15.7833,35,0,
2007,-15.7833,35,0,
2007,-13.9833,33.7833,0,
2007,-13.9833,33.7833,0,
2007,12.65,-8,0,
2007,16.38194,-1.26972,0,
2007,19.9625,2.8575,0,
2007,19.9625,2.8575,0,
2007,18.44,1.41,0,
2007,19.9625,2.8575,0,
2007,19.9625,2.8575,0,
2007,16.26667,-0.05,0,
2007,16.7667,-3.0167,0,
2007,18.1194,-16.0406,0,
2007,33.59278,-7.61916,0,
2007,27.135,-13.1625,0,
2007,31.63148,-8.00828,0,
2007,33.59278,-7.61916,0,
2007,34.01325,-6.83255,0,
2007,31.62844,-7.99062,0,
2007,26.67917,-11.67806,0,
2007,34.01325,-6.83255,0,
2007,27.135,-13.1625,0,
2007,34.01325,-6.83255,0,
2007,27.135,-13.1625,0,
2007,34.01325,-6.83255,0,
2007,34.01325,-6.83255,0,
2007,27.135,-13.1625,0,
2007,33.9,-5.55,0,
2007,34.01325,-6.83255,0,
2007,33.83,-4.83,0,
2007,34.03892,-6.8166,0,
2007,27.135,-13.1625,0,
2007,34.03892,-6.8166,0,
2007,-15.1197,39.2647,0,
2007,-15.1197,39.2647,0,
2007,-25.9653,32.5892,0,
2007,-25.9653,32.5892,0,
2007,-25.9653,32.5892,0,
2007,-25.9653,32.5892,0,
2007,-16.1564,33.5867,0,
2007,-23.0967,35.3378,0,
2007,-25.8986,32.4861,0,
2007,-15.9814,37.5353,0,
2007,-19.0883,33.6486,0,
2007,-22.57,17.0836,0,
2007,-24.0666,17.5833,0,
2007,-22.57,17.0836,0,
2007,-22.57,17.0836,0,
2007,-22.57,17.0836,0,
2007,-22.57,17.0836,0,
2007,-17.7833,15.6833,0,
2007,-22.57,17.0836,0,
2007,-22.57,17.0836,0,
2007,-27.95,16.7667,0,
2007,-17.7833,15.7667,0,
2007,-22.5231,17.0603,0,
2007,-22.57,17.0836,0,
2007,-22.57,17.0836,0,
2007,-22.57,17.0836,0,
2007,-17.5,14.9833,0,
2007,-21.6667,17.3333,0,
2007,-26.5833,18.1333,0,
2007,-22.57,17.0836,0,
2007,16.97,7.99,0,
2007,13.5167,2.1167,0,
2007,18.1342,7.3642,0,
2007,13.5167,2.1167,0,
2007,16.97,7.99,0,
2007,16.97,7.99,0,
2007,16.97,7.99,0,
2007,18.6622,5.2497,0,
2007,16.97,7.99,0,
2007,16.97,7.99,0,
2007,17.2167,7.6167,0,
2007,16.97,7.99,0,
2007,17.626,8.4128,0,
2007,16.97,7.99,0,
2007,13.5167,2.1167,0,
2007,16.97,7.99,0,
2007,16.97,7.99,0,
2007,5.51667,5.75,0,
2007,4.28653,6.07226,0,
2007,4.78917,6.99861,0,
2007,4.75,6.08333,0,
2007,4.78917,6.99861,0,
2007,4.78917,6.99861,0,
2007,6.85,3.65,0,
2007,5.32611,6.47083,0,
2007,5.38333,5.45,0,
2007,5.16667,6.2,0,
2007,4.78917,6.99861,0,
2007,4.78917,6.99861,0,
2007,4.78917,6.99861,0,
2007,12.00012,8.5288,0,
2007,5,7.83333,0,
2007,4.78917,6.99861,0,
2007,5.32611,6.47083,0,
2007,5,7.83333,0,
2007,5.32611,6.47083,0,
2007,5.32611,6.47083,0,
2007,4.78917,6.99861,0,
2007,5.32611,6.47083,0,
2007,4.78917,6.99861,0,
2007,4.78917,6.99861,0,
2007,4.6755,6.6803,0,
2007,7.25,5.2,0,
2007,7.33333,8.75,0,
2007,5.32611,6.47083,0,
2007,5.32611,6.47083,0,
2007,5.32611,6.47083,0,
2007,5.32611,6.47083,0,
2007,4.78917,6.99861,0,
2007,12.23556,8.23917,0,
2007,8.52944,7.72417,0,
2007,12.16667,6.25,0,
2007,6.45306,3.39583,0,
2007,4.78917,6.99861,0,
2007,4.75,6.08333,0,
2007,4.75,6.83333,0,
2007,4.75,6.83333,0,
2007,7.16607,5.08333,0,
2007,12.00012,8.5288,0,
2007,12.00012,8.5288,0,
2007,4.78917,6.99861,0,
2007,10.25,11.16667,0,
2007,12.25,7.5,0,
2007,4.78917,6.99861,0,
2007,5.32611,6.47083,0,
2007,4.88162,6.86247,0,
2007,7.91667,4.28333,0,
2007,5.05,6.45,0,
2007,4.78917,6.99861,0,
2007,4.78917,6.99861,0,
2007,5.32611,6.47083,0,
2007,4.78917,6.99861,0,
2007,5.51667,5.75,0,
2007,4.75,6.08333,0,
2007,4.75,6.83333,0,
2007,4.75,6.83333,0,
2007,5.32611,6.47083,0,
2007,5.32611,6.47083,0,
2007,9.16667,9.75,0,
2007,4.78917,6.99861,0,
2007,4.78917,6.99861,0,
2007,5.32611,6.47083,0,
2007,5.32611,6.47083,0,
2007,4.92472,6.26417,0,
2007,4.93333,5.46667,0,
2007,5,7.83333,0,
2007,5.51667,5.75,0,
2007,4.75,6.08333,0,
2007,4.75,6.08333,0,
2007,5.32611,6.47083,0,
2007,5.32611,6.47083,0,
2007,5.32611,6.47083,0,
2007,4.78917,6.99861,0,
2007,4.78917,6.99861,0,
2007,4.6755,6.6803,0,
2007,4.78917,6.99861,0,
2007,10.52306,7.44028,0,
2007,4.75,6.83333,0,
2007,4.75,6.08333,0,
2007,4.6755,6.6803,0,
2007,5.32611,6.47083,0,
2007,4.78917,6.99861,0,
2007,4.78917,6.99861,0,
2007,7.1,4.83333,0,
2007,4.75,6.08333,0,
2007,4.78917,6.99861,0,
2007,4.78917,6.99861,0,
2007,5.32611,6.47083,0,
2007,5.32611,6.47083,0,
2007,4.75,6.08333,0,
2007,5.32611,6.47083,0,
2007,5.43333,5.83333,0,
2007,5.32611,6.47083,0,
2007,7.38778,3.89639,0,
2007,5.08333,6.65,0,
2007,4.92472,6.26417,0,
2007,5.32611,6.47083,0,
2007,7.38778,3.89639,0,
2007,4.78917,6.99861,0,
2007,5.32611,6.47083,0,
2007,5.43333,5.83333,0,
2007,5.32611,6.47083,0,
2007,13.05139,5.23139,0,
2007,7.5,5.23333,0,
2007,5.32611,6.47083,0,
2007,6.45306,3.39583,0,
2007,5.32611,6.47083,0,
2007,5.32611,6.47083,0,
2007,4.75,6.83333,0,
2007,4.78917,6.99861,0,
2007,5.32611,6.47083,0,
2007,4.78917,6.99861,0,
2007,11.5,8.5,0,
2007,4.4492,7.24,0,
2007,4.73333,7.08333,0,
2007,4.75,6.08333,0,
2007,5.32611,6.47083,0,
2007,5.32611,6.47083,0,
2007,11.5,13,0,
2007,6.45306,3.39583,0,
2007,7.33333,8.75,0,
2007,1.5975,15.3019,0,
2007,-4.26,15.28,0,
2007,-1.9638,30.0383,0,
2007,-2.3959,29.5317,0,
2007,-1.6355,29.3538,0,
2007,-2.4861,29.5478,0,
2007,-1.9638,30.0383,0,
2007,-1.6355,29.3538,0,
2007,-1.6355,29.3538,0,
2007,12.5,-16.2,0,
2007,12.5,-16.2,0,
2007,12.5,-16.2,0,
2007,12.5,-16.2,0,
2007,12.5,-16.2,0,
2007,12.5,-16.2,0,
2007,14.6667,-17.44406,0,
2007,15.05,-16.05,0,
2007,14.6667,-17.44406,0,
2007,12.9,-16.4,0,
2007,14.6667,-17.44406,0,
2007,14.6667,-17.44406,0,
2007,14.6667,-17.44406,0,
2007,13.02,-16.15,0,
2007,12.81028,-16.22639,0,
2007,12.8833,-14.95,0,
2007,12.8833,-14.95,0,
2007,12.9,-16.4,0,
2007,12.5333,-15.9666,0,
2007,14.6667,-17.44406,0,
2007,8.2833,-10.5666,0,
2007,8.63,-10.98,0,
2007,8.63,-10.98,0,
2007,-0.36029,42.54626,0,
2007,2.05368,45.05478,0,
2007,2.04139,45.33372,0,
2007,2.04139,45.33372,0,
2007,2.06777,45.35,0,
2007,2.04099,45.33678,0,
2007,2.0735,45.28,0,
2007,2.04393,45.3,0,
2007,2.08438,45.39,0,
2007,2.0095,45.25,0,
2007,2.04926,45.31991,0,
2007,2.08438,45.39,0,
2007,2.05492,45.33,0,
2007,8.47358,47.35441,0,
2007,1.78586,44.5313,0,
2007,2.06777,45.35,0,
2007,2.04803,45.32,0,
2007,2.06777,45.35,0,
2007,2.02104,45.29045,0,
2007,2.0095,45.25,0,
2007,2.06516,45.39,0,
2007,4.39202,46.0884,0,
2007,1.71305,44.76388,0,
2007,2.06777,45.35,0,
2007,9.33,45.41,0,
2007,2.06,45.36,0,
2007,1.70698,44.69605,0,
2007,9,46,0,
2007,2.683,45.383,0,
2007,9.74799,48.81988,0,
2007,3.25,45.55,0,
2007,2.06,45.36,0,
2007,2.35,45.3833,0,
2007,5.53764,46.3867,0,
2007,2.04139,45.33372,0,
2007,2.04139,45.33372,0,
2007,2.04139,45.33372,0,
2007,2.06,45.36,0,
2007,0.5172,42.071,0,
2007,-0.36029,42.54626,0,
2007,2.88901,42.93116,0,
2007,2.78088,45.49682,0,
2007,2.04139,45.33372,0,
2007,2.06,45.36,0,
2007,2.04555,45.34,0,
2007,2.04803,45.32,0,
2007,2.05492,45.33,0,
2007,2.78088,45.49682,0,
2007,2.35,45.3833,0,
2007,0.4833,42.7666,0,
2007,2.06,45.36,0,
2007,2.04764,45.35,0,
2007,2.396,45.0158,0,
2007,2.04139,45.33372,0,
2007,2.04139,45.33372,0,
2007,9.55975,44.06678,0,
2007,2.04139,45.33372,0,
2007,8.23,46.33,0,
2007,-0.36029,42.54626,0,
2007,2.79911,44.07938,0,
2007,2.79911,44.07938,0,
2007,1.71305,44.76388,0,
2007,2.08438,45.39,0,
2007,2.38002,45.39123,0,
2007,1.6,43.5,0,
2007,2.08438,45.39,0,
2007,2.04926,45.31991,0,
2007,2.3333,42.2833,0,
2007,1.71305,44.76388,0,
2007,1.71305,44.76388,0,
2007,3,44.05,0,
2007,2.06777,45.35,0,
2007,4.16358,42.07617,0,
2007,4.73598,45.20427,0,
2007,4.73598,45.20427,0,
2007,2.04393,45.3,0,
2007,2.08438,45.39,0,
2007,4.73598,45.20427,0,
2007,2.04803,45.32,0,
2007,0.40627,41.01238,0,
2007,4.12303,43.89012,0,
2007,7.64157,47.83103,0,
2007,9,46,0,
2007,2.04803,45.32,0,
2007,2.78088,45.49682,0,
2007,2.04393,45.3,0,
2007,2.04803,45.32,0,
2007,2.04139,45.33372,0,
2007,2.04139,45.33372,0,
2007,2.06777,45.35,0,
2007,11.2847,49.1825,0,
2007,2.06,45.36,0,
2007,2.05492,45.33,0,
2007,2.25,41.1667,0,
2007,2.06777,45.35,0,
2007,2.04139,45.33372,0,
2007,2.06777,45.35,0,
2007,2.02104,45.29045,0,
2007,3.05,45.75,0,
2007,2.04139,45.33372,0,
2007,2.06777,45.35,0,
2007,2.05368,45.05478,0,
2007,2.06,45.36,0,
2007,2.03373,45.34,0,
2007,3.85194,45.56512,0,
2007,2.05492,45.33,0,
2007,2.04393,45.3,0,
2007,8.40106,48.4831,0,
2007,2.04803,45.32,0,
2007,9,46,0,
2007,2.05492,45.33,0,
2007,2.06,45.36,0,
2007,2.06,45.36,0,
2007,2.06,45.36,0,
2007,1.6,44.35,0,
2007,2.04139,45.33372,0,
2007,-0.36029,42.54626,0,
2007,9.983,43.43,0,
2007,2.04139,45.33372,0,
2007,2.08438,45.39,0,
2007,2.04139,45.33372,0,
2007,2.04139,45.33372,0,
2007,2.04803,45.32,0,
2007,1.78586,44.5313,0,
2007,2.06,45.36,0,
2007,2.06777,45.35,0,
2007,2.06777,45.35,0,
2007,2.04926,45.31991,0,
2007,4.39202,46.0884,0,
2007,2.15,45.116,0,
2007,6.76924,47.43061,0,
2007,10.416,51.26,0,
2007,3.79999,42.54459,0,
2007,3.79999,42.54459,0,
2007,2.61945,44.89357,0,
2007,2.08438,45.39,0,
2007,2.78088,45.49682,0,
2007,2.05492,45.33,0,
2007,2.06,45.36,0,
2007,2.06,45.36,0,
2007,2.06516,45.39,0,
2007,1.1,44.05,0,
2007,9.55975,44.06678,0,
2007,4.73598,45.20427,0,
2007,-0.36029,42.54626,0,
2007,2.35,45.3833,0,
2007,2.04803,45.32,0,
2007,2.04139,45.33372,0,
2007,2.88901,42.93116,0,
2007,2.04139,45.33372,0,
2007,2.04139,45.33372,0,
2007,2.04139,45.33372,0,
2007,2.04139,45.33372,0,
2007,2.04139,45.33372,0,
2007,2.04139,45.33372,0,
2007,6.14568,46.62712,0,
2007,2.04139,45.33372,0,
2007,4.73598,45.20427,0,
2007,1.70698,44.69605,0,
2007,2.40735,42.97655,0,
2007,2.06,45.36,0,
2007,2.04139,45.33372,0,
2007,3.1166,43.65,0,
2007,2.05492,45.33,0,
2007,2.40735,42.97655,0,
2007,2.06,45.36,0,
2007,2.06,45.36,0,
2007,2.7166,44.5,0,
2007,4.73598,45.20427,0,
2007,0.40627,41.01238,0,
2007,9,46,0,
2007,2.04139,45.33372,0,
2007,2.15,45.116,0,
2007,6.76924,47.43061,0,
2007,2.04926,45.31991,0,
2007,2.35,45.3833,0,
2007,2.78088,45.49682,0,
2007,2.05492,45.33,0,
2007,2.02104,45.29045,0,
2007,2.01951,45.31,0,
2007,0.4833,42.7666,0,
2007,0.40627,41.01238,0,
2007,2.06,45.36,0,
2007,2.08438,45.39,0,
2007,2.0095,45.25,0,
2007,2.04926,45.31991,0,
2007,2.08438,45.39,0,
2007,2.04099,45.33678,0,
2007,2.05492,45.33,0,
2007,2.06777,45.35,0,
2007,2.15,45.116,0,
2007,2.61945,44.89357,0,
2007,4.73598,45.20427,0,
2007,2.06777,45.35,0,
2007,9.74799,48.81988,0,
2007,3.38342,45.59693,0,
2007,2.06,45.36,0,
2007,2.06,45.36,0,
2007,2.04139,45.33372,0,
2007,2.04393,45.3,0,
2007,2.40735,42.97655,0,
2007,9.74503,45.63403,0,
2007,2.06,45.36,0,
2007,2.04139,45.33372,0,
2007,2.04139,45.33372,0,
2007,9.55975,44.06678,0,
2007,2.04139,45.33372,0,
2007,3.79999,42.54459,0,
2007,2.04139,45.33372,0,
2007,2.04139,45.33372,0,
2007,-0.36029,42.54626,0,
2007,2.06777,45.35,0,
2007,2.04139,45.33372,0,
2007,2.7568,46.319,0,
2007,2.70383,45.5172,0,
2007,-0.36029,42.54626,0,
2007,11.283,51.083,0,
2007,2.15,45.116,0,
2007,2.06,45.36,0,
2007,7.35,48.9,0,
2007,2.04139,45.33372,0,
2007,2.04139,45.33372,0,
2007,9.56611,44.03306,0,
2007,9.55975,44.06678,0,
2007,1.3,44.13,0,
2007,2.15,45.116,0,
2007,2.15,45.116,0,
2007,0.5172,42.071,0,
2007,2.06,45.36,0,
2007,9.55975,44.06678,0,
2007,5.53764,46.3867,0,
2007,2.05492,45.33,0,
2007,2.04393,45.3,0,
2007,1.63,44.53,0,
2007,1.083,42.581,0,
2007,0.7,43.1,0,
2007,0.4833,42.7666,0,
2007,2.06,45.36,0,
2007,2.06,45.36,0,
2007,2.04926,45.31991,0,
2007,2.04926,45.31991,0,
2007,2.04764,45.35,0,
2007,2.06777,45.35,0,
2007,2.0735,45.28,0,
2007,2.79911,44.07938,0,
2007,6.76924,47.43061,0,
2007,2.05492,45.33,0,
2007,2.7568,46.319,0,
2007,2.04926,45.31991,0,
2007,2.06777,45.35,0,
2007,2.04139,45.33372,0,
2007,2.04926,45.31991,0,
2007,2.04764,45.35,0,
2007,8.47358,47.35441,0,
2007,2.04139,45.33372,0,
2007,8.47358,47.35441,0,
2007,2.06777,45.35,0,
2007,2.61945,44.89357,0,
2007,4.73598,45.20427,0,
2007,2.0095,45.25,0,
2007,2.06777,45.35,0,
2007,2.02104,45.29045,0,
2007,3.85194,45.56512,0,
2007,2.04393,45.3,0,
2007,2.0095,45.25,0,
2007,2.05492,45.33,0,
2007,2.3333,42.2833,0,
2007,3.6,43.45,0,
2007,2.03373,45.34,0,
2007,2.75,46.316,0,
2007,-1.03537,41.50047,0,
2007,3.80925,43.24709,0,
2007,2.04139,45.33372,0,
2007,2.08438,45.39,0,
2007,0.4833,42.7666,0,
2007,8.40106,48.4831,0,
2007,2.57,41.32,0,
2007,2.06516,45.39,0,
2007,0.5172,42.071,0,
2007,4.73598,45.20427,0,
2007,2.04139,45.33372,0,
2007,3.1166,43.65,0,
2007,2.3333,42.2833,0,
2007,2.06777,45.35,0,
2007,2.04139,45.33372,0,
2007,8.40106,48.4831,0,
2007,7.1,48.16,0,
2007,2.396,45.0158,0,
2007,1.71305,44.76388,0,
2007,2.35,45.3833,0,
2007,2.04139,45.33372,0,
2007,2.38002,45.39123,0,
2007,2.04803,45.32,0,
2007,2.06,45.36,0,
2007,2.08438,45.39,0,
2007,2.06516,45.39,0,
2007,4.73598,45.20427,0,
2007,11.283,51.083,0,
2007,0.606,42.74194,0,
2007,2.04393,45.3,0,
2007,4.73598,45.20427,0,
2007,5.86,46.96,0,
2007,11.283,51.083,0,
2007,0.5172,42.071,0,
2007,0.40627,41.01238,0,
2007,-1.25001,41.49349,0,
2007,0.16,41,0,
2007,2.06,45.36,0,
2007,2.04139,45.33372,0,
2007,2.06,45.36,0,
2007,2.04099,45.33678,0,
2007,2.04139,45.33372,0,
2007,2.04139,45.33372,0,
2007,2.04393,45.3,0,
2007,2.3333,42.2833,0,
2007,6.42639,46.70553,0,
2007,6.42639,46.70553,0,
2007,2.08438,45.39,0,
2007,11.2847,49.1825,0,
2007,1.78586,44.5313,0,
2007,2.08438,45.39,0,
2007,2.15,45.116,0,
2007,2.0735,45.28,0,
2007,6.76924,47.43061,0,
2007,2.08438,45.39,0,
2007,2.04803,45.32,0,
2007,2.04764,45.35,0,
2007,2.04803,45.32,0,
2007,2.08438,45.39,0,
2007,2.40735,42.97655,0,
2007,3.85194,45.56512,0,
2007,2.08438,45.39,0,
2007,2.0168,45.28,0,
2007,2.55,43.3,0,
2007,2.08438,45.39,0,
2007,2.01951,45.31,0,
2007,11.16027,48.19487,0,
2007,3.1166,43.65,0,
2007,2.06777,45.35,0,
2007,2.04139,45.33372,0,
2007,2.06777,45.35,0,
2007,2.04764,45.35,0,
2007,3.1166,43.65,0,
2007,2.04139,45.33372,0,
2007,2.04139,45.33372,0,
2007,2.04139,45.33372,0,
2007,3.1166,43.65,0,
2007,2.06,45.36,0,
2007,4.39202,46.0884,0,
2007,2.08438,45.39,0,
2007,2.06777,45.35,0,
2007,2.04139,45.33372,0,
2007,2.08438,45.39,0,
2007,-0.36029,42.54626,0,
2007,2.04393,45.3,0,
2007,2.08438,45.39,0,
2007,2.04393,45.3,0,
2007,2.04926,45.31991,0,
2007,2.04803,45.32,0,
2007,2.08438,45.39,0,
2007,2.04926,45.31991,0,
2007,2.04926,45.31991,0,
2007,2.04139,45.33372,0,
2007,2.40735,42.97655,0,
2007,0.5172,42.071,0,
2007,2.06,45.36,0,
2007,2.04393,45.3,0,
2007,2.04139,45.33372,0,
2007,2.08438,45.39,0,
2007,2.04926,45.31991,0,
2007,2.04803,45.32,0,
2007,2.05492,45.33,0,
2007,3.85194,45.56512,0,
2007,2.06516,45.39,0,
2007,2.04926,45.31991,0,
2007,2.04139,45.33372,0,
2007,2.04926,45.31991,0,
2007,2.06,45.36,0,
2007,2.04803,45.32,0,
2007,2.04393,45.3,0,
2007,2.06,45.36,0,
2007,2.06,45.36,0,
2007,2.04926,45.31991,0,
2007,2.04803,45.32,0,
2007,2.04926,45.31991,0,
2007,0.7,43.1,0,
2007,-0.1,42.36,0,
2007,2.06,45.36,0,
2007,2.06,45.36,0,
2007,2.06,45.36,0,
2007,2.06777,45.35,0,
2007,2.04393,45.3,0,
2007,9.73333,43.63333,0,
2007,4.82821,43.65993,0,
2007,2.04926,45.31991,0,
2007,3.1166,43.65,0,
2007,2.3333,42.2833,0,
2007,2.06,45.36,0,
2007,2.04926,45.31991,0,
2007,4.73598,45.20427,0,
2007,2.0735,45.28,0,
2007,2.35,45.3833,0,
2007,2.0095,45.25,0,
2007,3.1166,43.65,0,
2007,2.06777,45.35,0,
2007,0.5172,42.071,0,
2007,0.5172,42.071,0,
2007,4.73598,45.20427,0,
2007,2.06,45.36,0,
2007,-1.03537,41.50047,0,
2007,2.06,45.36,0,
2007,2.04139,45.33372,0,
2007,2.04139,45.33372,0,
2007,2.8,45.55,0,
2007,2.06,45.36,0,
2007,3.38342,45.59693,0,
2007,2.15,45.116,0,
2007,2.08438,45.39,0,
2007,2.04803,45.32,0,
2007,2.04926,45.31991,0,
2007,2.06777,45.35,0,
2007,2.04139,45.33372,0,
2007,2.04803,45.32,0,
2007,2.06,45.36,0,
2007,8.47358,47.35441,0,
2007,2.06,45.36,0,
2007,2.08438,45.39,0,
2007,1.70698,44.69605,0,
2007,2.04926,45.31991,0,
2007,2.04393,45.3,0,
2007,4.5,45.3,0,
2007,2.04926,45.31991,0,
2007,2.15,45.116,0,
2007,1.70698,44.69605,0,
2007,2.04926,45.31991,0,
2007,2.08438,45.39,0,
2007,2.06777,45.35,0,
2007,1.78586,44.5313,0,
2007,2.04926,45.31991,0,
2007,2.04764,45.35,0,
2007,2.04764,45.35,0,
2007,2.04926,45.31991,0,
2007,2.04926,45.31991,0,
2007,2.04926,45.31991,0,
2007,2.15,45.116,0,
2007,2.15,45.116,0,
2007,2.04139,45.33372,0,
2007,2.7,44.9,0,
2007,2.04393,45.3,0,
2007,6.24178,46.3072,0,
2007,4.8,45.2,0,
2007,2.04764,45.35,0,
2007,2.04926,45.31991,0,
2007,2.06777,45.35,0,
2007,8.40106,48.4831,0,
2007,2.04393,45.3,0,
2007,10.5,48,0,
2007,2.06,45.36,0,
2007,1.70698,44.69605,0,
2007,2.05492,45.33,0,
2007,1.71305,44.76388,0,
2007,2.04926,45.31991,0,
2007,4.73598,45.20427,0,
2007,2.15,45.116,0,
2007,1.71305,44.76388,0,
2007,2.06777,45.35,0,
2007,4.73598,45.20427,0,
2007,2.05368,45.05478,0,
2007,2.04926,45.31991,0,
2007,2.04926,45.31991,0,
2007,2.04803,45.32,0,
2007,2.04139,45.33372,0,
2007,3.85194,45.56512,0,
2007,3.38342,45.59693,0,
2007,3.6,43.45,0,
2007,2.15,45.116,0,
2007,9.13,45.19,0,
2007,2.05368,45.05478,0,
2007,1.70698,44.69605,0,
2007,9.13,45.19,0,
2007,2.04393,45.3,0,
2007,2.06,45.36,0,
2007,2.15,45.116,0,
2007,2.04926,45.31991,0,
2007,2.05492,45.33,0,
2007,10.28333,50.23333,0,
2007,2.04803,45.32,0,
2007,2.08438,45.39,0,
2007,1.63,44.53,0,
2007,0.4833,42.7666,0,
2007,2.06777,45.35,0,
2007,2.04926,45.31991,0,
2007,2.06,45.36,0,
2007,2.04139,45.33372,0,
2007,4.8,45.2,0,
2007,2.05492,45.33,0,
2007,2.06516,45.39,0,
2007,2.06516,45.39,0,
2007,2.06,45.36,0,
2007,3.85194,45.56512,0,
2007,2.05492,45.33,0,
2007,2.06777,45.35,0,
2007,0.4833,42.7666,0,
2007,2.15,45.116,0,
2007,3.80925,43.24709,0,
2007,2.04764,45.35,0,
2007,2.08438,45.39,0,
2007,4.39202,46.0884,0,
2007,2.06,45.36,0,
2007,1.6,44.35,0,
2007,2.06777,45.35,0,
2007,2.04393,45.3,0,
2007,2.01951,45.31,0,
2007,2.02104,45.29045,0,
2007,1.70698,44.69605,0,
2007,2.05492,45.33,0,
2007,2.06777,45.35,0,
2007,2.04803,45.32,0,
2007,2.55,45.05,0,
2007,2.08438,45.39,0,
2007,2.03373,45.34,0,
2007,11.2847,49.1825,0,
2007,2.08438,45.39,0,
2007,2.08438,45.39,0,
2007,2.04926,45.31991,0,
2007,2.04926,45.31991,0,
2007,2.05492,45.33,0,
2007,2.04803,45.32,0,
2007,2.04139,45.33372,0,
2007,2.04803,45.32,0,
2007,2.04393,45.3,0,
2007,2.08438,45.39,0,
2007,2.08438,45.39,0,
2007,9.55975,44.06678,0,
2007,2.05492,45.33,0,
2007,2.15,45.116,0,
2007,2.0735,45.28,0,
2007,2.04926,45.31991,0,
2007,2.08438,45.39,0,
2007,2.03373,45.34,0,
2007,3.1166,43.65,0,
2007,2.04803,45.32,0,
2007,2.03373,45.34,0,
2007,2.15,45.116,0,
2007,2.04926,45.31991,0,
2007,2.08438,45.39,0,
2007,2.04803,45.32,0,
2007,2.05492,45.33,0,
2007,2.05492,45.33,0,
2007,4.73598,45.20427,0,
2007,2.35,45.3833,0,
2007,2.06,45.36,0,
2007,3.1166,43.65,0,
2007,2.06777,45.35,0,
2007,2.06777,45.35,0,
2007,11.2847,49.1825,0,
2007,3.85194,45.56512,0,
2007,9.74799,48.81988,0,
2007,2.04926,45.31991,0,
2007,2.04803,45.32,0,
2007,2.05492,45.33,0,
2007,3.38342,45.59693,0,
2007,2.05492,45.33,0,
2007,9,46,0,
2007,1.71305,44.76388,0,
2007,1.70698,44.69605,0,
2007,2.04926,45.31991,0,
2007,4.73598,45.20427,0,
2007,2.06,45.36,0,
2007,2.04099,45.33678,0,
2007,2.06,45.36,0,
2007,8.47358,47.35441,0,
2007,4.73598,45.20427,0,
2007,2.04803,45.32,0,
2007,2.08438,45.39,0,
2007,2.05492,45.33,0,
2007,2.04393,45.3,0,
2007,2.08438,45.39,0,
2007,2.04393,45.3,0,
2007,8.47358,47.35441,0,
2007,1.71305,44.76388,0,
2007,2.04926,45.31991,0,
2007,2.04764,45.35,0,
2007,8.40106,48.4831,0,
2007,-0.36029,42.54626,0,
2007,1.65,44.66,0,
2007,8.47358,47.35441,0,
2007,8.47358,47.35441,0,
2007,8.47358,47.35441,0,
2007,0.5172,42.071,0,
2007,2.04393,45.3,0,
2007,-1.03537,41.50047,0,
2007,-1.216,41.85,0,
2007,2.04803,45.32,0,
2007,2.04393,45.3,0,
2007,2.02104,45.29045,0,
2007,8.47358,47.35441,0,
2007,2.35,45.3833,0,
2007,2.04393,45.3,0,
2007,2.05492,45.33,0,
2007,2.04926,45.31991,0,
2007,2.06777,45.35,0,
2007,2.35,45.3833,0,
2007,2.02104,45.29045,0,
2007,2.06777,45.35,0,
2007,8.66,47.15,0,
2007,2.04393,45.3,0,
2007,2.04139,45.33372,0,
2007,2.05492,45.33,0,
2007,2.04803,45.32,0,
2007,2.08438,45.39,0,
2007,2.01951,45.31,0,
2007,2.08438,45.39,0,
2007,2.04803,45.32,0,
2007,2.04803,45.32,0,
2007,2.04393,45.3,0,
2007,2.04139,45.33372,0,
2007,-0.36029,42.54626,0,
2007,2.0095,45.25,0,
2007,2.06777,45.35,0,
2007,2.06777,45.35,0,
2007,2.616,44.9,0,
2007,-1.03537,41.50047,0,
2007,8.47358,47.35441,0,
2007,2.06777,45.35,0,
2007,2.0095,45.25,0,
2007,2.04803,45.32,0,
2007,2.04803,45.32,0,
2007,2.04139,45.33372,0,
2007,2.04393,45.3,0,
2007,2.04393,45.3,0,
2007,8.47358,47.35441,0,
2007,3.1166,43.65,0,
2007,2.65,44.7833,0,
2007,1.86,44.76,0,
2007,2.06777,45.35,0,
2007,1.86,44.76,0,
2007,2.08438,45.39,0,
2007,3.1166,43.65,0,
2007,2.75,46.316,0,
2007,5.30905,45.88212,0,
2007,9.55,44.05,0,
2007,2.04139,45.33372,0,
2007,2.02921,45.30026,0,
2007,2.616,44.9,0,
2007,2.05492,45.33,0,
2007,9.94,43.18,0,
2007,2.06,45.36,0,
2007,2.04393,45.3,0,
2007,1.71305,44.76388,0,
2007,2.04555,45.34,0,
2007,-0.36029,42.54626,0,
2007,2.05368,45.05478,0,
2007,3.38342,45.59693,0,
2007,9,45.36,0,
2007,2.61945,44.89357,0,
2007,3.1166,43.65,0,
2007,3.1166,43.65,0,
2007,11.2847,49.1825,0,
2007,0.4833,42.7666,0,
2007,-0.36029,42.54626,0,
2007,3.1166,43.65,0,
2007,3.1166,43.65,0,
2007,-0.36029,42.54626,0,
2007,2.04803,45.32,0,
2007,2.02104,45.29045,0,
2007,2.0168,45.28,0,
2007,2.08438,45.39,0,
2007,8.47358,47.35441,0,
2007,3.38342,45.59693,0,
2007,2.61945,44.89357,0,
2007,2.0095,45.25,0,
2007,3.1166,43.65,0,
2007,1.71305,44.76388,0,
2007,0.40627,41.01238,0,
2007,4.73598,45.20427,0,
2007,8.47358,47.35441,0,
2007,8.47358,47.35441,0,
2007,8.47358,47.35441,0,
2007,8.47358,47.35441,0,
2007,8.47358,47.35441,0,
2007,8.47358,47.35441,0,
2007,8.47358,47.35441,0,
2007,1.71305,44.76388,0,
2007,2.40735,42.97655,0,
2007,3.6,43.45,0,
2007,8.47358,47.35441,0,
2007,2.01951,45.31,0,
2007,4.73598,45.20427,0,
2007,2.04803,45.32,0,
2007,2.04803,45.32,0,
2007,2.40735,42.97655,0,
2007,2.06777,45.35,0,
2007,2.06777,45.35,0,
2007,2.04393,45.3,0,
2007,-0.36029,42.54626,0,
2007,1.71305,44.76388,0,
2007,11.2847,49.1825,0,
2007,2.04926,45.31991,0,
2007,2.15,45.116,0,
2007,2.06516,45.39,0,
2007,2.06777,45.35,0,
2007,2.04393,45.3,0,
2007,2.05492,45.33,0,
2007,3.6,43.45,0,
2007,11.2847,49.1825,0,
2007,4.73598,45.20427,0,
2007,2.06777,45.35,0,
2007,8.47358,47.35441,0,
2007,2.08438,45.39,0,
2007,3.1166,43.65,0,
2007,0.75,42.6,0,
2007,2.06777,45.35,0,
2007,8.47358,47.35441,0,
2007,2.15,45.116,0,
2007,1.71305,44.76388,0,
2007,4.73598,45.20427,0,
2007,2.15,45.116,0,
2007,1.78586,44.5313,0,
2007,8.47358,47.35441,0,
2007,2.06777,45.35,0,
2007,2.04139,45.33372,0,
2007,1.71305,44.76388,0,
2007,1.71305,44.76388,0,
2007,4.82821,43.65993,0,
2007,2.05492,45.33,0,
2007,2.04139,45.33372,0,
2007,1.71305,44.76388,0,
2007,2.06,45.36,0,
2007,1.71305,44.76388,0,
2007,2.04803,45.32,0,
2007,-0.36029,42.54626,0,
2007,1.78586,44.5313,0,
2007,4.73598,45.20427,0,
2007,2.15,45.116,0,
2007,2.04139,45.33372,0,
2007,-0.36029,42.54626,0,
2007,7.64157,47.83103,0,
2007,2.06,45.36,0,
2007,2.04099,45.33678,0,
2007,2.616,44.9,0,
2007,2.7568,46.319,0,
2007,3.85194,45.56512,0,
2007,-0.36029,42.54626,0,
2007,-0.36029,42.54626,0,
2007,0.7,43.1,0,
2007,2.04139,45.33372,0,
2007,6.24178,46.3072,0,
2007,1.71305,44.76388,0,
2007,8.40106,48.4831,0,
2007,9.55975,44.06678,0,
2007,2.15,45.116,0,
2007,4.73598,45.20427,0,
2007,2.15,45.116,0,
2007,2.04099,45.33678,0,
2007,3.1166,43.65,0,
2007,2.04393,45.3,0,
2007,8.47358,47.35441,0,
2007,8.616,45.33,0,
2007,2.06,45.36,0,
2007,2.04764,45.35,0,
2007,2.06,45.36,0,
2007,2.15,45.116,0,
2007,6.42639,46.70553,0,
2007,2.08438,45.39,0,
2007,2.08438,45.39,0,
2007,5.19938,45.52517,0,
2007,2.05492,45.33,0,
2007,2.61945,44.89357,0,
2007,8.47358,47.35441,0,
2007,8.47358,47.35441,0,
2007,3.1,45.85,0,
2007,8.47358,47.35441,0,
2007,2.06516,45.39,0,
2007,3.1166,43.65,0,
2007,5.19938,45.52517,0,
2007,5.19938,45.52517,0,
2007,4.73598,45.20427,0,
2007,2.04803,45.32,0,
2007,2.01951,45.31,0,
2007,2.08438,45.39,0,
2007,2.08438,45.39,0,
2007,2.08438,45.39,0,
2007,-0.36029,42.54626,0,
2007,2.05492,45.33,0,
2007,6.76924,47.43061,0,
2007,2.08438,45.39,0,
2007,2.06777,45.35,0,
2007,2.04555,45.34,0,
2007,2.04555,45.34,0,
2007,2.75,46.316,0,
2007,2.06,45.36,0,
2007,2.06,45.36,0,
2007,2.04139,45.33372,0,
2007,2.02104,45.29045,0,
2007,2.57,41.32,0,
2007,3.79999,42.54459,0,
2007,2.06777,45.35,0,
2007,1.71305,44.76388,0,
2007,1.71305,44.76388,0,
2007,2.06516,45.39,0,
2007,2.06777,45.35,0,
2007,2.04926,45.31991,0,
2007,9.55975,44.06678,0,
2007,9.55975,44.06678,0,
2007,4.73598,45.20427,0,
2007,2.06777,45.35,0,
2007,4.73598,45.20427,0,
2007,2.61945,44.89357,0,
2007,2.04803,45.32,0,
2007,2.06777,45.35,0,
2007,2.04803,45.32,0,
2007,2.06777,45.35,0,
2007,9.74503,45.63403,0,
2007,9.74503,45.63403,0,
2007,2.06777,45.35,0,
2007,4.73598,45.20427,0,
2007,2.06777,45.35,0,
2007,3.1166,43.65,0,
2007,2.06777,45.35,0,
2007,2.15,45.116,0,
2007,2.04139,45.33372,0,
2007,2.04139,45.33372,0,
2007,2.06777,45.35,0,
2007,2.02104,45.29045,0,
2007,2.0095,45.25,0,
2007,4.0166,45.6833,0,
2007,4.73598,45.20427,0,
2007,2.04555,45.34,0,
2007,3.1166,43.65,0,
2007,2.04393,45.3,0,
2007,2.04803,45.32,0,
2007,2.04803,45.32,0,
2007,2.06777,45.35,0,
2007,2.04803,45.32,0,
2007,2.04764,45.35,0,
2007,11.2847,49.1825,0,
2007,-0.36029,42.54626,0,
2007,2.02104,45.29045,0,
2007,2.04393,45.3,0,
2007,2.04393,45.3,0,
2007,2.04393,45.3,0,
2007,2.01951,45.31,0,
2007,2.04393,45.3,0,
2007,2.08438,45.39,0,
2007,2.04393,45.3,0,
2007,2.15,45.116,0,
2007,36.58624,5.58071,1,
2007,36.72735,3.40995,1,
2007,36.83763,6.64018,1,
2007,36.83763,6.64018,1,
2007,36.86318,3.88035,1,
2007,36.7667,3.4772,1,
2007,36.69061,3.58912,1,
2007,36.73436,3.96223,1,
2007,36.58333,4.41667,1,
2007,36.48333,3.43333,1,
2007,36.72544,3.55665,1,
2007,36.72544,3.55665,1,
2007,36.66774,3.59115,1,
2007,36.72265,3.66718,1,
2007,34.67502,4.08956,1,
2007,36.26406,1.9679,1,
2007,37.00174,6.51359,1,
2007,35.49474,6.92492,1,
2007,34.74488,8.06024,1,
2007,35.97999,4.18665,1,
2007,36.63333,4.91667,1,
2007,36.63333,4.91667,1,
2007,36.67942,4.8555,1,
2007,36.63333,4.91667,1,
2007,36.783,3.5199,1,
2007,36.72328,3.61807,1,
2007,36.7667,3.4772,1,
2007,36.73106,4.56305,1,
2007,36.71183,4.04591,1,
2007,36.75472,6.2725,1,
2007,36.73106,4.56305,1,
2007,36.365,6.6147,1,
2007,36.1647,1.3347,1,
2007,36.74219,3.71664,1,
2007,36.817,4.3,1,
2007,36.71183,4.04591,1,
2007,36.56471,4.30619,1,
2007,34.75846,0.14528,1,
2007,35.19677,8.17592,1,
2007,36.88856,4.11984,1,
2007,36.74625,3.83163,1,
2007,36.86384,4.06542,1,
2007,36.72265,3.66718,1,
2007,35.13183,8.05203,1,
2007,34.85038,5.72805,1,
2007,35.1392,6.30861,1,
2007,36.817,4.3,1,
2007,36.58327,2.12285,1,
2007,36.28639,7.95111,1,
2007,36.74831,6.43226,1,
2007,36.37288,4.62638,1,
2007,36.78528,3.60361,1,
2007,35.19677,8.17592,1,
2007,36.87776,3.7205,1,
2007,34.85038,5.72805,1,
2007,35.1939,-0.6414,1,
2007,36.88856,4.11984,1,
2007,36.54569,4.05712,1,
2007,36.71371,3.48914,1,
2007,36.91716,3.91311,1,
2007,36.98974,6.46049,1,
2007,36.67942,4.8555,1,
2007,36.58333,4,1,
2007,36.817,4.3,1,
2007,36.8792,6.9067,1,
2007,-8.8383,13.2344,1,
2007,-4.7666,12.55,1,
2007,-14.97487,14.39194,1,
2007,-8.8383,13.2344,1,
2007,-5.55,12.2,1,
2007,-4.7666,12.55,1,
2007,-4.7666,12.55,1,
2007,6.3667,2.0833,1,
2007,6.3667,2.0833,1,
2007,-3.6272,29.3472,1,
2007,-3.3772,29.358,1,
2007,-3.3167,29.3667,1,
2007,-3.3333,29.3333,1,
2007,-3.0736,29.4483,1,
2007,8.5548,14.3399,1,
2007,7.25,16.433,1,
2007,7.3,18.3,1,
2007,7.65,18.617,1,
2007,7.4666,15.55,1,
2007,7.48,15.541,1,
2007,7.25,16.4333,1,
2007,7.3166,15.6166,1,
2007,7.25,16.433,1,
2007,7.317,15.617,1,
2007,7.25,16.4333,1,
2007,6.5,15.6333,1,
2007,6.5,15.6333,1,
2007,12.1085,15.0482,1,
2007,12.1085,15.0482,1,
2007,19.067,20.483,1,
2007,-2.6,28.6167,1,
2007,-2.6283,28.6658,1,
2007,-2.6283,28.6658,1,
2007,-1.6792,29.2228,1,
2007,-1.2666,29.3833,1,
2007,-0.16667,29.23333,1,
2007,-2.5,28.8667,1,
2007,-0.16667,29.23333,1,
2007,-0.16667,29.23333,1,
2007,-1.1841,29.4488,1,
2007,-1.1841,29.4488,1,
2007,1.57,30.25,1,
2007,0.75,29.5667,1,
2007,0.75,29.5667,1,
2007,-1.1841,29.4488,1,
2007,-4.9833,25.9833,1,
2007,-4.9833,25.9833,1,
2007,-4.9833,25.9833,1,
2007,-4.9833,25.9833,1,
2007,-4.9833,25.9833,1,
2007,-1.6166,29,1,
2007,-2.3027,28.8161,1,
2007,-1.2666,29.3833,1,
2007,-1.1841,29.4488,1,
2007,15.3333,38.9333,1,
2007,15.3333,38.9333,1,
2007,9.35,42.8,1,
2007,9.5091,-13.7122,1,
2007,10.75,-11.1166,1,
2007,9.5091,-13.7122,1,
2007,8.6,-8.7333,1,
2007,8.03333,-2.8,1,
2007,7.68333,-5.0167,1,
2007,3.1167,35.6,1,
2007,1,40.5,1,
2007,1,40.5,1,
2007,3.51639,39.06917,1,
2007,3.9333,41.8667,1,
2007,0.85,34.7167,1,
2007,0.82601,34.5926,1,
2007,0.55606,34.61442,1,
2007,-1.16667,36.83333,1,
2007,-1.3,36.81667,1,
2007,3,35.5,1,
2007,-1.2166,36.7833,1,
2007,0.55606,34.61442,1,
2007,-1.16667,36.83333,1,
2007,1.1,36.7,1,
2007,-1.3,36.81667,1,
2007,-4.16667,39.16667,1,
2007,-1.3,36.81667,1,
2007,-1.28333,36.81667,1,
2007,-1.3,36.91667,1,
2007,-1.25,36.9,1,
2007,2.2333,35.0166,1,
2007,-0.81667,37.03333,1,
2007,-1.3,36.81667,1,
2007,0.8594,34.4638,1,
2007,3.55,40.2666,1,
2007,1.1833,34.8,1,
2007,0.8594,34.4638,1,
2007,-0.55,36.6167,1,
2007,-1.28333,36.81667,1,
2007,-1.3166,36.7833,1,
2007,3.9333,41.8666,1,
2007,3.9333,41.8667,1,
2007,-1.3,36.81667,1,
2007,-1.0833,34.4833,1,
2007,-0.2833,36.0667,1,
2007,-0.2833,36.0667,1,
2007,-1.3,36.81667,1,
2007,0.2833,34.75,1,
2007,-3.4,37.68,1,
2007,-0.2833,36.0667,1,
2007,-1.06667,34.46667,1,
2007,0.1825,34.29556,1,
2007,0.16667,34.26667,1,
2007,-4.0166,39.6333,1,
2007,-1.28333,36.73333,1,
2007,0.1,34.75,1,
2007,-1.3166,36.7833,1,
2007,-0.63333,34.83333,1,
2007,-0.1833,35.7333,1,
2007,-1.0166,37.3167,1,
2007,0.51667,35.28333,1,
2007,-1.28333,36.81667,1,
2007,0.5166,35.2833,1,
2007,7.78,-9.43,1,
2007,-22.9,44.5333,1,
2007,-13.89487,33.80163,1,
2007,18.1194,-16.0406,1,
2007,18.1194,-16.0406,1,
2007,13.5167,2.1167,1,
2007,14.8888,5.2692,1,
2007,4.4492,7.24,1,
2007,5.32611,6.47083,1,
2007,4.84658,6.92881,1,
2007,4.75,6.83333,1,
2007,5.32611,6.47083,1,
2007,4.38333,7.1,1,
2007,6.45306,3.39583,1,
2007,11,12,1,
2007,12.00012,8.5288,1,
2007,8.99611,7.57556,1,
2007,5.32611,6.47083,1,
2007,5.05,6.45,1,
2007,7.16607,5.08333,1,
2007,10,6,1,
2007,4.78917,6.99861,1,
2007,13.05139,5.23139,1,
2007,13.05139,5.23139,1,
2007,13.05139,5.23139,1,
2007,4.75,6.83333,1,
2007,5.5,6,1,
2007,4.78917,6.99861,1,
2007,8,4,1,
2007,4.78917,6.99861,1,
2007,13.05139,5.23139,1,
2007,6.3176,5.6145,1,
2007,8,4,1,
2007,4.78917,6.99861,1,
2007,11.5,8.5,1,
2007,5.32611,6.47083,1,
2007,8.5,4.55,1,
2007,5,7.83333,1,
2007,4.38333,7.1,1,
2007,9.05735,7.48976,1,
2007,6.3176,5.6145,1,
2007,-1.8763,29.894,1,
2007,-2.0024,29.9041,1,
2007,-1.9638,30.0383,1,
2007,-2.30403,30.05134,1,
2007,-2.3886,29.073,1,
2007,-1.9214,30.0429,1,
2007,-2.4861,29.5478,1,
2007,-1.9769,30.1058,1,
2007,-2.3347,29.7002,1,
2007,12.62,-16.69,1,
2007,12.70806,-15.55694,1,
2007,36.6167,5.6667,2,
2007,34.67502,4.08956,2,
2007,36.81694,3.85722,2,
2007,36.5489,3.8939,2,
2007,34.8783,-1.315,2,
2007,36.7667,3.4772,2,
2007,36.74472,4.37222,2,
2007,36.42411,4.01831,2,
2007,36.8792,6.9067,2,
2007,36.70655,3.87489,2,
2007,36.58424,3.25813,2,
2007,36.60146,3.85042,2,
2007,36.58424,3.25813,2,
2007,36.58424,3.25813,2,
2007,36.73054,4.43646,2,
2007,36.73054,4.43646,2,
2007,36.73054,4.43646,2,
2007,36.73054,4.43646,2,
2007,34.8783,-1.315,2,
2007,36.47454,4.23586,2,
2007,36.817,4.3,2,
2007,36.01904,3.9924,2,
2007,36.74328,3.7173,2,
2007,36.72265,3.66718,2,
2007,36.85583,3.85667,2,
2007,36.70655,3.87489,2,
2007,36.85583,3.85667,2,
2007,36.85583,3.85667,2,
2007,36.72544,3.55665,2,
2007,36.40636,3.95937,2,
2007,36.40636,3.95937,2,
2007,36.82564,5.96292,2,
2007,36.42913,2.88059,2,
2007,36.8,5.7667,2,
2007,35.43583,7.14333,2,
2007,36.38,3.9014,2,
2007,36.72544,3.55665,2,
2007,-5.55,12.2,2,
2007,-8.8383,13.2344,2,
2007,-8.8383,13.2344,2,
2007,-3.438,29.3655,2,
2007,-3.4208,30.4197,2,
2007,-3.1917,29.4056,2,
2007,4.6921,9.2097,2,
2007,7.223,16.347,2,
2007,4.3667,18.5833,2,
2007,7.256,15.346,2,
2007,6.9833,19.1833,2,
2007,6.9833,19.1833,2,
2007,6.9833,19.1833,2,
2007,6.9,16.283,2,
2007,12.867,21.167,2,
2007,12.867,21.167,2,
2007,12.867,21.167,2,
2007,15.35,14.43333,2,
2007,12.867,21.167,2,
2007,-4.9833,25.9833,2,
2007,11.8166,-10.05,2,
2007,10.03,-10.73,2,
2007,7.8,-8.5333,2,
2007,10.38,-9.3,2,
2007,8.75,-10.3,2,
2007,10.07,-12.85,2,
2007,11.84,-15.29767,2,
2007,-1.06667,34.36667,2,
2007,0.55606,34.61442,2,
2007,0.55606,34.61442,2,
2007,-1.3,36.81667,2,
2007,0.8594,34.4638,2,
2007,3,35.5,2,
2007,1.41667,35.25,2,
2007,-1.2667,36.8,2,
2007,-1.3,36.81667,2,
2007,-0.8333,37.0666,2,
2007,-0.7166,37.15,2,
2007,-1.3,36.81667,2,
2007,-0.7166,37.15,2,
2007,-1.3,36.81667,2,
2007,-0.4166,36.95,2,
2007,-1.05,37.08333,2,
2007,-1.3,36.81667,2,
2007,3.55,40.2666,2,
2007,-1.15,36.9667,2,
2007,0.85,34.7167,2,
2007,-1.3,36.81667,2,
2007,2.3333,37.98333,2,
2007,-1.1666,36.8333,2,
2007,0.66667,35.78333,2,
2007,-0.41667,36.91667,2,
2007,-0.25,35.7333,2,
2007,-0.1833,35.7333,2,
2007,-0.7,37.38333,2,
2007,-0.4166,34.2,2,
2007,0.2,37.7833,2,
2007,-0.3666,35.2833,2,
2007,0.28333,34.75,2,
2007,0.5667,34.5667,2,
2007,0.28333,34.75,2,
2007,0.28333,34.75,2,
2007,-23.35,43.6667,2,
2007,33.59278,-7.61916,2,
2007,16.97,7.99,2,
2007,19.0625,8.42,2,
2007,5.33333,6.18333,2,
2007,5.32611,6.47083,2,
2007,4.78917,6.99861,2,
2007,4.78917,6.99861,2,
2007,5.32611,6.47083,2,
2007,6.45306,3.39583,2,
2007,-1.8763,29.894,2,
2007,-2.34832,29.87726,2,
2007,12.9833,-16.18,2,
2007,37.00174,6.51359,3,
2007,35.7058,4.5419,3,
2007,36.64022,4.90131,3,
2007,34.83034,0.15171,3,
2007,36.88216,4.66197,3,
2007,36.71183,4.04591,3,
2007,36.38,3.9014,3,
2007,36.63633,3.26654,3,
2007,36.51709,3.21178,3,
2007,36.58972,2.4475,3,
2007,35.13183,8.05203,3,
2007,36.4701,2.62528,3,
2007,36.817,4.3,3,
2007,36.70522,4.19157,3,
2007,36.45028,6.26444,3,
2007,36.8,5.7667,3,
2007,36.817,4.3,3,
2007,36.5489,3.8939,3,
2007,36.56331,1.82297,3,
2007,36.54222,3.95306,3,
2007,36.7939,3.95034,3,
2007,36.69623,4.181,3,
2007,36.72328,3.61807,3,
2007,-8.47175,13.37011,3,
2007,-3.3772,29.358,3,
2007,6.5167,14.3,3,
2007,5.9333,10.1667,3,
2007,10.28,22.78,3,
2007,12.667,21.9,3,
2007,13,21.85,3,
2007,13.467,22.2,3,
2007,14.5,22.4,3,
2007,-0.7833,29.2833,3,
2007,10.38,-9.3,3,
2007,5.4666,-3.2,3,
2007,-3.5,38.3,3,
2007,-0.7166,37.15,3,
2007,-1.28333,36.81667,3,
2007,-1.3,36.78333,3,
2007,-1.1666,36.8333,3,
2007,-1.3,36.81667,3,
2007,-1.3,36.81667,3,
2007,3.55,40.2666,3,
2007,0.82601,34.5926,3,
2007,0.82601,34.5926,3,
2007,0.55606,34.61442,3,
2007,0.82601,34.5926,3,
2007,0.82601,34.5926,3,
2007,-0.6666,34.9333,3,
2007,-0.6,36.86667,3,
2007,3.9333,41.8667,3,
2007,-0.2833,36.0667,3,
2007,0.85,34.7167,3,
2007,-0.5,34.5,3,
2007,-1.06667,34.36667,3,
2007,0.4667,34.1,3,
2007,0.0333,34.7167,3,
2007,-1.06667,34.36667,3,
2007,-23.35,43.6667,3,
2007,-21.4333,47.0833,3,
2007,19.8667,-16.3,3,
2007,14.7904,10.321,3,
2007,16.97,7.99,3,
2007,4.73333,7.08333,3,
2007,5.08333,6.65,3,
2007,6.33333,7,3,
2007,6.45306,3.39583,3,
2007,4.78917,6.99861,3,
2007,5.32611,6.47083,3,
2007,7.621,5.2215,3,
2007,5.32611,6.47083,3,
2007,-2.3886,29.073,3,
2007,-1.9747,30.402,3,
2007,36.21122,4.10992,4,
2007,36.72328,3.61807,4,
2007,36.71183,4.04591,4,
2007,36.26406,1.9679,4,
2007,36.63333,4.91667,4,
2007,36.62481,3.47788,4,
2007,36.817,4.3,4,
2007,36.72265,3.66718,4,
2007,36.78617,6.37312,4,
2007,36.51709,3.21178,4,
2007,36.70655,3.87489,4,
2007,36.817,4.3,4,
2007,35.13183,8.05203,4,
2007,36.73046,3.49482,4,
2007,36.72544,3.55665,4,
2007,36.1647,1.3347,4,
2007,7.65,18.6166,4,
2007,7.65,18.617,4,
2007,-0.36751,29.57297,4,
2007,5.24361,44.73194,4,
2007,9.5091,-13.7122,4,
2007,11.3166,-12.2833,4,
2007,3,35.5,4,
2007,1.41667,35.25,4,
2007,-1.16667,34.45,4,
2007,2.05,35.25,4,
2007,-0.7166,37.15,4,
2007,-0.7166,37.15,4,
2007,-1.3166,36.7833,4,
2007,-0.2833,36.0667,4,
2007,-0.5,34.5,4,
2007,0.2,35.1,4,
2007,-23.35,43.6667,4,
2007,16.97,7.99,4,
2007,16.97,7.99,4,
2007,4.4492,7.24,4,
2007,12.5833,-16.2666,4,
2007,35.5553,6.1786,5,
2007,36.71183,4.04591,5,
2007,34.94967,6.00387,5,
2007,36.63633,3.26654,5,
2007,36.28639,7.95111,5,
2007,35.40417,8.12417,5,
2007,35.40417,8.12417,5,
2007,-3.3772,29.358,5,
2007,6.25,10.4333,5,
2007,11.3333,15.3333,5,
2007,-1.1841,29.4488,5,
2007,-1.1841,29.4488,5,
2007,-1.6792,29.2228,5,
2007,-6.3333,23.9,5,
2007,5.9167,0.9833,5,
2007,-0.28333,36.06667,5,
2007,-1.28333,36.81667,5,
2007,0.85,34.7167,5,
2007,-1.3,36.78333,5,
2007,-1.4333,37.0333,5,
2007,2.3833,35.65,5,
2007,3.55,40.2666,5,
2007,-0.9666,34.5,5,
2007,-1.16667,36.83333,5,
2007,19.5275,7.1847,5,
2007,5.32611,6.47083,5,
2007,5.32611,6.47083,5,
2007,6.45306,3.39583,5,
2007,36.8792,6.9067,6,
2007,35.40417,8.12417,6,
2007,36.7667,3.4772,6,
2007,34.74488,8.06024,6,
2007,34.85994,7.64081,6,
2007,35.40417,8.12417,6,
2007,35.40417,8.12417,6,
2007,35.40417,8.12417,6,
2007,11.05,-0.25,6,
2007,0.85,34.7167,6,
2007,0.85,34.7167,6,
2007,1.41667,35.25,6,
2007,-1.3,36.81667,6,
2007,1.25,37,6,
2007,3.55,40.2666,6,
2007,-0.4333,34.6833,6,
2007,-4.05,39.66667,6,
2007,-4.0166,39.6333,6,
2007,-1.3,36.81667,6,
2007,7.3179,8.9951,6,
2007,8,4,6,
2007,36.26406,1.9679,7,
2007,36.817,4.3,7,
2007,36.26406,1.9679,7,
2007,36.63633,3.26654,7,
2007,36.71183,4.04591,7,
2007,35.40417,8.12417,7,
2007,35.40417,8.12417,7,
2007,4.0469,9.7084,7,
2007,6.317,16.383,7,
2007,13.4667,22.2,7,
2007,-1.4,28.8167,7,
2007,-1.0155,29.3419,7,
2007,-1.6792,29.2228,7,
2007,10.07,-12.85,7,
2007,3.1167,35.6,7,
2007,3.1167,35.6,7,
2007,0.55606,34.61442,7,
2007,0.55606,34.61442,7,
2007,0.83333,35,7,
2007,-0.9333,36.9166,7,
2007,-1.3,36.81667,7,
2007,2.3833,35.65,7,
2007,-0.2833,36.0667,7,
2007,-0.28333,36.06667,7,
2007,16.5167,7.9214,7,
2007,36.42411,4.01831,8,
2007,36.38,3.9014,8,
2007,36.26406,1.9679,8,
2007,36.35329,2.56119,8,
2007,36.85583,3.85667,8,
2007,-3.6147,29.3556,8,
2007,7.511,16.611,8,
2007,3.61667,28.56667,8,
2007,-1.3,36.8333,8,
2007,-1.3,36.81667,8,
2007,-1.3,36.81667,8,
2007,0.55606,34.61442,8,
2007,3.55,40.2666,8,
2007,19.9625,2.8575,8,
2007,4.75,6.08333,8,
2007,6.16667,6.78333,8,
2007,36.38,3.9014,9,
2007,6.5,15.6333,9,
2007,6.5,15.633,9,
2007,-0.36751,29.57297,9,
2007,0.41667,36.75,9,
2007,-1.3,36.81667,9,
2007,0.6333,36.2667,9,
2007,-4.05,39.66667,9,
2007,-0.3666,35.2833,9,
2007,-4.05,39.66667,9,
2007,7.38778,3.89639,9,
2007,36.04661,5.13173,10,
2007,35.5553,6.1786,10,
2007,35.40417,8.12417,10,
2007,36.56463,3.5933,10,
2007,7.25,16.433,10,
2007,12.667,21.9,10,
2007,12.2167,21.4167,10,
2007,-5.9666,24.9833,10,
2007,-1.1841,29.4488,10,
2007,1.8667,30.7,10,
2007,-1.6166,29,10,
2007,2.0667,30.5667,10,
2007,16.35,38.4167,10,
2007,-0.68333,34.76667,10,
2007,-4.05,39.66667,10,
2007,19.9625,2.8575,10,
2007,16.97,7.99,10,
2007,35.40417,8.12417,11,
2007,1.0167,35,11,
2007,1.4833,35.0166,11,
2007,-4,39.5667,11,
2007,0.51667,35.28333,11,
2007,4.78917,6.99861,11,
2007,36.817,4.3,12,
2007,3.6667,12.2333,12,
2007,-12.5166,29.3,12,
2007,-6.3333,23.9,12,
2007,-1.28333,36.81667,12,
2007,-0.7166,37.15,12,
2007,0.45,35.2833,12,
2007,0.5167,35.2833,12,
2007,-23.35,43.6667,12,
2007,16.97,7.99,12,
2007,5.32611,6.47083,12,
2007,4.75,6.83333,12,
2007,5.32611,6.47083,12,
2007,-3.3772,29.358,13,
2007,12.2167,21.4167,13,
2007,-6.3333,23.9,13,
2007,6.97444,45.34083,13,
2007,36.30185,2.09702,14,
2007,0.55606,34.61442,14,
2007,1.25,37,14,
2007,36.766,3.05,15,
2007,36.72615,3.18291,15,
2007,13.4531,-16.5775,15,
2007,2.3333,37.98333,15,
2007,2.3333,37.98333,15,
2007,-1.3,36.9,15,
2007,-4.26,15.28,15,
2007,35.32834,8.06831,16,
2007,11.3333,14.6667,17,
2007,12,21.6833,17,
2007,13.4667,22.2,17,
2007,-2.6,28.6167,17,
2007,3.1167,35.6,17,
2007,-0.1833,35.7333,17,
2007,19.0625,8.42,17,
2007,36.63333,4.91667,18,
2007,14.2167,22.4167,18,
2007,4.78917,6.99861,18,
2007,35.5553,6.1786,19,
2007,-5.9333,12.35,19,
2007,-5.9333,12.35,19,
2007,-5.9333,12.35,19,
2007,-5.9333,12.35,19,
2007,-5.9333,12.35,19,
2007,-5.9333,12.35,19,
2007,3.56917,39.08333,19,
2007,16.97,7.99,19,
2007,12.6666,21.9,20,
2007,14.5,22.4,20,
2007,-5.9333,12.35,20,
2007,-3.3333,29.3333,21,
2007,4.5663,8.5948,21,
2007,0.35,37.5833,21,
2007,-1.28333,36.81667,21,
2007,8,45,22,
2007,8,45,22,
2007,8,45,22,
2007,8,45,22,
2007,8,45,22,
2007,8,45,22,
2007,8,45,22,
2007,8,45,22,
2007,8,45,22,
2007,8,44,22,
2007,8,45,23,
2007,0.51667,35.28333,24,
2007,13.4667,22.2,25,
2007,3.12,35.61,27,
2007,36.91716,3.91311,30,
2007,11.3333,15.3333,30,
2007,11.3333,15.3333,30,
2007,12.7833,14.8333,30,
2007,11.283,22.817,30,
2007,0.51667,35.28333,30,
2007,1.1,36.7,31,
2007,8,44,33,
2007,8,44,33,
2007,9.5091,-13.7122,33,
2007,8,44,34,
2007,36.766,3.05,37,
2007,12.98943,7.60063,39,
2007,-1.3,36.81667,40,
2007,6.45306,3.39583,40,
2007,6.09167,44.76361,43,
2007,-0.1,34.75,46,
2007,-0.1,34.75,48,
2007,-1.5736,29.045,50,
2007,19.0666,20.4833,52,
2007,19.067,20.483,52,
2007,9.3,38.6667,53,
2007,9.3,38.6667,53,
2007,9.3,38.6667,53,
2007,9.3,38.6667,54,
2007,10.083,21.928,56,
2007,8,45,57,
2007,17.1847,21.5902,63,
2007,8,44,67,
2007,8,44,67,
2007,8,44,67,
2007,8,44,68,
2007,9.8667,38.45,74,
2007,15.1166,21.75,76,
2007,7.25,16.433,80,
2007,6.97444,45.34083,140,
2007,6.09167,44.76361,247,